Placa;SVC Implantação;Regional;Modal;Locadora;Modelo;Cronograma Planejamento;Previsão Final Entrega;Entregue
TUG6J79;SRJ10 - RJ Taquara (Barra);RJ/ES;Vuc Deluna;Deluna;SPRINTER 317;Abril;;27/04/2026
TUG6J80;SRJ10 - RJ Taquara (Barra);RJ/ES;Vuc Deluna;Deluna;SPRINTER 317;Abril;;27/04/2026
TUG6J81;SRJ10 - RJ Taquara (Barra);RJ/ES;Vuc Deluna;Deluna;SPRINTER 317;Abril;;27/04/2026
TUF6J99;SES1 - Serra (Vitória);RJ/ES;Vuc Deluna;Deluna;SPRINTER 317;Abril;;27/04/2026
TUF6J98;SES1 - Serra (Vitória);RJ/ES;Vuc Deluna;Deluna;SPRINTER 317;Abril;;27/04/2026
TUF6J97;SES1 - Serra (Vitória);RJ/ES;Vuc Deluna;Deluna;SPRINTER 317;Abril;;27/04/2026
TUE6J97;SES1 - Serra (Vitória);RJ/ES;Vuc Deluna;Deluna;SPRINTER 317;Abril;;27/04/2026
TUG6J78;SES1 - Serra (Vitória);RJ/ES;Vuc Deluna;Deluna;SPRINTER 317;Abril;;27/04/2026
TZI6A44;SRJ8 - Itaboraí (Niterói);RJ/ES;Van;Vamos;JUMPER CARGOL3H2 13m³ 2.2 MEC DIESEL;Maio;29/05/2026;29/05/2026
TZI6A49;SRJ8 - Itaboraí (Niterói);RJ/ES;Van;Vamos;JUMPER CARGOL3H2 13m³ 2.2 MEC DIESEL;Maio;29/05/2026;29/05/2026
TZQ7B50;SRJ7 - Macaé;RJ/ES;Utilitário;Vamos;FIORINO ENDURANCE 1.3 FLEX 002 PASSAGEIROS;Junho;04/07/2026;03/07/2026
TZK7G86;SMG14 - Nova Lima;MG;Utilitário;Localiza;Fiorino ENDURANCE FLEX 1.3 2P;Junho;-;29/06/2026
TZK7G88;SMG14 - Nova Lima;MG;Utilitário;Localiza;Fiorino ENDURANCE FLEX 1.3 2P;Junho;-;29/06/2026
TZK7G89;SMG14 - Nova Lima;MG;Utilitário;Localiza;Fiorino ENDURANCE FLEX 1.3 2P;Junho;-;01/07/2026
TZK7G92;SMG14 - Nova Lima;MG;Utilitário;Localiza;Fiorino ENDURANCE FLEX 1.3 2P;Junho;-;29/06/2026
TZK7G93;SMG14 - Nova Lima;MG;Utilitário;Localiza;Fiorino ENDURANCE FLEX 1.3 2P;Julho;-;29/06/2026
TZK7G95;SMG14 - Nova Lima;MG;Utilitário;Localiza;Fiorino ENDURANCE FLEX 1.3 2P;Julho;-;29/06/2026
TZK7G96;SMG14 - Nova Lima;MG;Utilitário;Localiza;Fiorino ENDURANCE FLEX 1.3 2P;Julho;08/07/2026;08/07/2026
TZK7H02;SMG14 - Nova Lima;MG;Utilitário;Localiza;Fiorino ENDURANCE FLEX 1.3 2P;Julho;-;29/06/2026
TZK7H03;SMG14 - Nova Lima;MG;Utilitário;Localiza;Fiorino ENDURANCE FLEX 1.3 2P;Julho;-;29/06/2026
TZK7G04;SRJ1 - RJ Cordovil (Rio de Janeiro);RJ/ES;Utilitário;Localiza;Fiorino ENDURANCE FLEX 1.3 2P;Maio;17/06/2026;17/06/2026
TZK7G05;SRJ1 - RJ Cordovil (Rio de Janeiro);RJ/ES;Utilitário;Localiza;Fiorino ENDURANCE FLEX 1.3 2P;Maio;17/06/2026;17/06/2026
TZK7G07;SRJ1 - RJ Cordovil (Rio de Janeiro);RJ/ES;Utilitário;Localiza;Fiorino ENDURANCE FLEX 1.3 2P;Maio;16/06/2026;12/06/2026
TZK7G09;SRJ1 - RJ Cordovil (Rio de Janeiro);RJ/ES;Utilitário;Localiza;Fiorino ENDURANCE FLEX 1.3 2P;Maio;16/06/2026;12/06/2026
TZK7G10;SRJ1 - RJ Cordovil (Rio de Janeiro);RJ/ES;Utilitário;Localiza;Fiorino ENDURANCE FLEX 1.3 2P;Maio;16/06/2026;12/06/2026
TZK7G21;SRJ1 - RJ Cordovil (Rio de Janeiro);RJ/ES;Utilitário;Localiza;Fiorino ENDURANCE FLEX 1.3 2P;Maio;16/06/2026;12/06/2026
TZK7G22;SRJ1 - RJ Cordovil (Rio de Janeiro);RJ/ES;Utilitário;Localiza;Fiorino ENDURANCE FLEX 1.3 2P;Junho;17/06/2026;17/06/2026
TZK7G23;SRJ1 - RJ Cordovil (Rio de Janeiro);RJ/ES;Utilitário;Localiza;Fiorino ENDURANCE FLEX 1.3 2P;Junho;17/06/2026;17/06/2026
TZK7G25;SRJ1 - RJ Cordovil (Rio de Janeiro);RJ/ES;Utilitário;Localiza;Fiorino ENDURANCE FLEX 1.3 2P;Junho;16/06/2026;12/06/2026
TZK7G30;SRJ1 - RJ Cordovil (Rio de Janeiro);RJ/ES;Utilitário;Localiza;Fiorino ENDURANCE FLEX 1.3 2P;Junho;16/06/2026;12/06/2026
TZK7G32;SRJ1 - RJ Cordovil (Rio de Janeiro);RJ/ES;Utilitário;Localiza;Fiorino ENDURANCE FLEX 1.3 2P;Junho;17/06/2026;17/06/2026
TZK7G41;SRJ1 - RJ Cordovil (Rio de Janeiro);RJ/ES;Utilitário;Localiza;Fiorino ENDURANCE FLEX 1.3 2P;Julho;17/06/2026;17/06/2026
TZK7G42;SRJ1 - RJ Cordovil (Rio de Janeiro);RJ/ES;Utilitário;Localiza;Fiorino ENDURANCE FLEX 1.3 2P;Julho;17/06/2026;17/06/2026
TZK7G43;SRJ1 - RJ Cordovil (Rio de Janeiro);RJ/ES;Utilitário;Localiza;Fiorino ENDURANCE FLEX 1.3 2P;Julho;17/06/2026;17/06/2026
TZM0A63;SRJ1 - RJ Cordovil (Rio de Janeiro);RJ/ES;Utilitário;Localiza;Fiorino ENDURANCE FLEX 1.3 2P;Julho;17/06/2026;17/06/2026
TZN9E41;SES2 - Cachoeiro do Itapemirim;RJ/ES;Utilitário;Localiza;Fiorino ENDURANCE FLEX 1.3 2P;Maio;06/07/2026;06/07/2026
TZN9E67;SES2 - Cachoeiro do Itapemirim;RJ/ES;Utilitário;Localiza;Fiorino ENDURANCE FLEX 1.3 2P;Maio;08/07/2026;08/07/2026
TZN9E59;SES2 - Cachoeiro do Itapemirim;RJ/ES;Utilitário;Localiza;Fiorino ENDURANCE FLEX 1.3 2P;Maio;06/07/2026;06/07/2026
TZN9E40;SES2 - Cachoeiro do Itapemirim;RJ/ES;Utilitário;Localiza;Fiorino ENDURANCE FLEX 1.3 2P;Maio;07/07/2026;06/07/2026
TZN9E53;SES2 - Cachoeiro do Itapemirim;RJ/ES;Utilitário;Localiza;Fiorino ENDURANCE FLEX 1.3 2P;Maio;-;02/07/2026
TZN9E46;SES2 - Cachoeiro do Itapemirim;RJ/ES;Utilitário;Localiza;Fiorino ENDURANCE FLEX 1.3 2P;Maio;06/07/2026;06/07/2026
TZN9E61;SES2 - Cachoeiro do Itapemirim;RJ/ES;Utilitário;Localiza;Fiorino ENDURANCE FLEX 1.3 2P;Maio;06/07/2026;06/07/2026
TZN9E54;SES2 - Cachoeiro do Itapemirim;RJ/ES;Utilitário;Localiza;Fiorino ENDURANCE FLEX 1.3 2P;Maio;-;02/07/2026
TZN9E60;SES2 - Cachoeiro do Itapemirim;RJ/ES;Utilitário;Localiza;Fiorino ENDURANCE FLEX 1.3 2P;Maio;08/07/2026;08/07/2026
TZN9E51;SES2 - Cachoeiro do Itapemirim;RJ/ES;Utilitário;Localiza;Fiorino ENDURANCE FLEX 1.3 2P;Junho;08/07/2026;08/07/2026
TZN9E44;SES2 - Cachoeiro do Itapemirim;RJ/ES;Utilitário;Localiza;Fiorino ENDURANCE FLEX 1.3 2P;Junho;08/07/2026;08/07/2026
TZN9E56;SES2 - Cachoeiro do Itapemirim;RJ/ES;Utilitário;Localiza;Fiorino ENDURANCE FLEX 1.3 2P;Junho;-;02/07/2026
TZN9E66;SES2 - Cachoeiro do Itapemirim;RJ/ES;Utilitário;Localiza;Fiorino ENDURANCE FLEX 1.3 2P;Junho;14/07/2026;15/07/2026
TZK0E28;SRJ10 - RJ Taquara (Barra);RJ/ES;Utilitário;Localiza;Fiorino ENDURANCE FLEX 1.3 2P;Maio;17/06/2026;17/06/2026
TZK7F76;SRJ10 - RJ Taquara (Barra);RJ/ES;Utilitário;Localiza;Fiorino ENDURANCE FLEX 1.3 2P;Maio;17/06/2026;17/06/2026
TZK7F79;SRJ10 - RJ Taquara (Barra);RJ/ES;Utilitário;Localiza;Fiorino ENDURANCE FLEX 1.3 2P;Maio;17/06/2026;17/06/2026
TZK7F80;SRJ10 - RJ Taquara (Barra);RJ/ES;Utilitário;Localiza;Fiorino ENDURANCE FLEX 1.3 2P;Maio;18/06/2026;18/06/2026
TZK7F81;SRJ10 - RJ Taquara (Barra);RJ/ES;Utilitário;Localiza;Fiorino ENDURANCE FLEX 1.3 2P;Maio;18/06/2026;18/06/2026
TZK7F83;SRJ10 - RJ Taquara (Barra);RJ/ES;Utilitário;Localiza;Fiorino ENDURANCE FLEX 1.3 2P;Maio;17/06/2026;17/06/2026
TZK7F85;SRJ10 - RJ Taquara (Barra);RJ/ES;Utilitário;Localiza;Fiorino ENDURANCE FLEX 1.3 2P;Maio;18/06/2026;18/06/2026
TZK7F87;SRJ10 - RJ Taquara (Barra);RJ/ES;Utilitário;Localiza;Fiorino ENDURANCE FLEX 1.3 2P;Maio;18/06/2026;18/06/2026
TZK7F88;SRJ10 - RJ Taquara (Barra);RJ/ES;Utilitário;Localiza;Fiorino ENDURANCE FLEX 1.3 2P;Maio;20/06/2026;20/06/2026
TZK7F90;SRJ10 - RJ Taquara (Barra);RJ/ES;Utilitário;Localiza;Fiorino ENDURANCE FLEX 1.3 2P;Junho;17/06/2026;17/06/2026
TZK7F91;SRJ10 - RJ Taquara (Barra);RJ/ES;Utilitário;Localiza;Fiorino ENDURANCE FLEX 1.3 2P;Junho;18/06/2026;18/06/2026
TZK7G13;SRJ10 - RJ Taquara (Barra);RJ/ES;Utilitário;Localiza;Fiorino ENDURANCE FLEX 1.3 2P;Junho;17/06/2026;17/06/2026
TZM0A64;SRJ10 - RJ Taquara (Barra);RJ/ES;Utilitário;Localiza;Fiorino ENDURANCE FLEX 1.3 2P;Junho;17/06/2026;17/06/2026
TLQ1J14;SRJ1 - RJ Cordovil (Rio de Janeiro);RJ/ES;Vuc;LM;VW Delivery Express - 4x2 - 3.600mm;Maio;29/05/2026;29/05/2026
TZI0C46;SRJ1 - RJ Cordovil (Rio de Janeiro);RJ/ES;Vuc;LM;Daily 35-160 CS EE 3750;Maio;29/05/2026;29/05/2026
QSW6D63;SRJ1 - RJ Cordovil (Rio de Janeiro);RJ/ES;Vuc;LM;VW Delivery Express - 4x2 - 3.600mm;Maio;29/05/2026;29/05/2026
QSR8G51;SRJ1 - RJ Cordovil (Rio de Janeiro);RJ/ES;Vuc;LM;VW Delivery Express - 4x2 - 3.600mm;Maio;28/05/2026;28/05/2026
TJV0G47;SRJ1 - RJ Cordovil (Rio de Janeiro);RJ/ES;Vuc;LM;VW Delivery Express - 4x2 - 3.600mm;Maio;29/05/2026;29/05/2026
TZI2C82;SRJ8 - Itaboraí (Niterói);RJ/ES;Vuc;LM;Daily 35-160 CS EE 3750;Maio;12/05/2026;12/05/2026
TZI2D97;SRJ8 - Itaboraí (Niterói);RJ/ES;Vuc;LM;Daily 35-160 CS EE 3750;Maio;12/05/2026;12/05/2026
TZI3I10;SRJ8 - Itaboraí (Niterói);RJ/ES;Vuc;LM;Daily 35-160 CS EE 3750;Maio;12/05/2026;12/05/2026
TZI3I07;SRJ8 - Itaboraí (Niterói);RJ/ES;Vuc;LM;Daily 35-160 CS EE 3750;Maio;12/05/2026;12/05/2026
TZI3I17;SRJ8 - Itaboraí (Niterói);RJ/ES;Vuc;LM;Daily 35-160 CS EE 3750;Maio;12/05/2026;12/05/2026
UCM5A93;SRJ4 - Campos dos Goytacazes;RJ/ES;Vuc;LM;VW Delivery Express - 4x2 - 3.600mm;Junho;19/08/2026;19/08/2026
UCM7F91;SRJ4 - Campos dos Goytacazes;RJ/ES;Vuc;LM;VW Delivery Express - 4x2 - 3.600mm;Junho;21/08/2026;21/08/2026
UCM7F89;SRJ4 - Campos dos Goytacazes;RJ/ES;Vuc;LM;VW Delivery Express - 4x2 - 3.600mm;Junho;21/08/2026;21/08/2026
UCN5H71;SRJ4 - Campos dos Goytacazes;RJ/ES;Vuc;LM;VW Delivery Express - 4x2 - 3.600mm;Junho;27/08/2026;27/08/2026
UCN5H68;SRJ4 - Campos dos Goytacazes;RJ/ES;Vuc;LM;VW Delivery Express - 4x2 - 3.600mm;Junho;27/08/2026;27/08/2026
UCM6G40;SES2 - Cachoeiro do Itapemirim;RJ/ES;Vuc;LM;VW Delivery Express - 4x2 - 3.600mm;Junho;20/08/2026;20/08/2026
UCN5J01;SES2 - Cachoeiro do Itapemirim;RJ/ES;Vuc;LM;VW Delivery Express - 4x2 - 3.600mm;Junho;27/08/2026;27/08/2026
UCN5I92;SES2 - Cachoeiro do Itapemirim;RJ/ES;Vuc;LM;VW Delivery Express - 4x2 - 3.600mm;Junho;04/09/2026;04/09/2026
UCN5I89;SES2 - Cachoeiro do Itapemirim;RJ/ES;Vuc;LM;VW Delivery Express - 4x2 - 3.600mm;Junho;27/08/2026;27/08/2026
UCO0B60;SES2 - Cachoeiro do Itapemirim;RJ/ES;Vuc;LM;VW Delivery Express - 4x2 - 3.600mm;Junho;28/08/2026;28/08/2026
UDC6J75;SRJ8 - Itaboraí (Niterói);RJ/ES;Vuc;LM;VW Delivery Express - 4x2 - 3.600mm;Junho;12/06/2026;12/06/2026
UFI2I06;SRJ8 - Itaboraí (Niterói);RJ/ES;Vuc;LM;VW Delivery Express - 4x2 - 3.600mm;Junho;09/06/2026;08/06/2026
TZO8I81;SRJ8 - Itaboraí (Niterói);RJ/ES;Vuc;LM;Daily 35-160 CS EE 3750;Junho;12/06/2026;10/06/2026
UDL1B21;SRJ8 - Itaboraí (Niterói);RJ/ES;Vuc;LM;VW Delivery Express - 4x2 - 3.600mm;Junho;06/05/2026;03/06/2026
UCN5I81;SES2 - Cachoeiro do Itapemirim;RJ/ES;Vuc;LM;VW Delivery Express - 4x2 - 3.600mm;Julho;27/08/2026;27/08/2026
UCM6C20;SRJ8 - Itaboraí (Niterói);RJ/ES;Vuc;LM;VW Delivery Express - 4x2 - 3.600mm;Julho;20/08/2026;20/08/2026
UDD2F67;SMG3 - Pouso Alegre;MG;Van;TKS;DAILY 30VAN;Maio;26/06/2026;26/06/2026
UGQ5E06;SMG3 - Pouso Alegre;MG;Van;TKS;DAILY 30VAN;Maio;26/06/2026;26/06/2026
UGE6I11;SMG3 - Pouso Alegre;MG;Van;TKS;DAILY 30VAN;Maio;11/06/2026;11/06/2026
EKP2A86;SMG3 - Pouso Alegre;MG;Van;TKS;DAILY 30VAN;Maio;03/06/2026;03/06/2026
UFY3A87;SRJ10 - RJ Taquara (Barra);RJ/ES;Van;TKS;DAILY 30VAN;Maio;15/07/2026;15/07/2026
UDJ5F85;SRJ10 - RJ Taquara (Barra);RJ/ES;Van;TKS;DAILY 30VAN;Maio;15/07/2026;15/07/2026
UGT4I35;SRJ10 - RJ Taquara (Barra);RJ/ES;Van;TKS;DAILY 30VAN;Maio;15/07/2026;15/07/2026
UFS2F07;SRJ10 - RJ Taquara (Barra);RJ/ES;Van;TKS;DAILY 30VAN;Maio;15/07/2026;15/07/2026
UGD7H04;SRJ10 - RJ Taquara (Barra);RJ/ES;Van;TKS;DAILY 30VAN;Maio;15/07/2026;15/07/2026
UFR5D56;SRJ10 - RJ Taquara (Barra);RJ/ES;Van;TKS;DAILY 30VAN;Maio;15/07/2026;15/07/2026
UCE5E77;SMG3 - Pouso Alegre;MG;Van;TKS;DAILY 30VAN;Agosto;17/07/2026;24/07/2026
UCE5B49;SMG3 - Pouso Alegre;MG;Van;TKS;DAILY 30VAN;Agosto;17/07/2026;24/07/2026
UCE5C45;SMG3 - Pouso Alegre;MG;Van;TKS;DAILY 30VAN;Agosto;17/07/2026;27/07/2026
UCM5J77;SMG3 - Pouso Alegre;MG;Van;TKS;DAILY 30VAN;Setembro;11/09/2026;
UCM5J76;SMG3 - Pouso Alegre;MG;Van;TKS;DAILY 30VAN;Setembro;11/09/2026;
UCL8B30;SMG3 - Pouso Alegre;MG;Van;TKS;DAILY 30VAN;Setembro;11/09/2026;
UCL7J83;SMG3 - Pouso Alegre;MG;Van;TKS;DAILY 30VAN;Setembro;11/09/2026;
UCL8B44;SMG3 - Pouso Alegre;MG;Van;TKS;DAILY 30VAN;Setembro;11/09/2026;
UCL8B10;SMG3 - Pouso Alegre;MG;Van;TKS;DAILY 30VAN;Setembro;11/09/2026;
UCL7J84;SMG3 - Pouso Alegre;MG;Van;TKS;DAILY 30VAN;Setembro;11/09/2026;
UCL8A66;SMG3 - Pouso Alegre;MG;Van;TKS;DAILY 30VAN;Setembro;11/09/2026;
UCM5G87;SRJ10 - RJ Taquara (Barra);RJ/ES;Van;TKS;DAILY 30VAN;Setembro;30/09/2026;
TZQ7B51;SRJ7 - Macaé;RJ/ES;Utilitário;Vamos;FIORINO ENDURANCE 1.3 FLEX 002 PASSAGEIROS;Junho;04/07/2026;03/07/2026
XXX3539;SRJ7 - Macaé;RJ/ES;Van;Vamos;;Setembro;;
TZQ7B52;SRJ7 - Macaé;RJ/ES;Utilitário;Vamos;FIORINO ENDURANCE 1.3 FLEX 002 PASSAGEIROS;Julho;04/07/2026;03/07/2026
TZQ7B53;SRJ7 - Macaé;RJ/ES;Utilitário;Vamos;FIORINO ENDURANCE 1.3 FLEX 002 PASSAGEIROS;Julho;04/07/2026;03/07/2026
TZV1E86;SRJ8 - Itaboraí (Niterói);RJ/ES;Van;Vamos;DUCATO MAXCARGO 13m³ 2.2 MEC DIESEL;Julho;04/07/2026;01/07/2026
TZV1E88;SRJ8 - Itaboraí (Niterói);RJ/ES;Van;Vamos;DUCATO MAXCARGO 13m³ 2.2 MEC DIESEL;Julho;14/07/2026;11/07/2026
TZV1E89;SRJ8 - Itaboraí (Niterói);RJ/ES;Van;Vamos;DUCATO MAXCARGO 13m³ 2.2 MEC DIESEL;Julho;04/07/2026;01/07/2026
TZV1E97;SRJ8 - Itaboraí (Niterói);RJ/ES;Van;Vamos;DUCATO MAXCARGO 13m³ 2.2 MEC DIESEL;Julho;04/07/2026;01/07/2026
TZV1E99;SRJ8 - Itaboraí (Niterói);RJ/ES;Van;Vamos;DUCATO MAXCARGO 13m³ 2.2 MEC DIESEL;Julho;04/07/2026;01/07/2026
TZV1F01;SRJ8 - Itaboraí (Niterói);RJ/ES;Van;Vamos;DUCATO MAXCARGO 13m³ 2.2 MEC DIESEL;Julho;04/07/2026;01/07/2026
UAE9E74;SMG3 - Pouso Alegre;MG;Van;Vamos;MASTER EXTRA FURGAO L3H2 13M³ 2.3 MEC DIESEL;Agosto;15/09/2026;
UVL9F73;SRJ4 - Campos dos Goytacazes;RJ/ES;Van;Vamos;DUCATO MAXCARGO 13m³ 2.2 MEC DIESEL;Agosto;15/09/2026;
UVL9F72;SRJ4 - Campos dos Goytacazes;RJ/ES;Van;Vamos;DUCATO MAXCARGO 13m³ 2.2 MEC DIESEL;Agosto;15/09/2026;
UVL9F77;SRJ4 - Campos dos Goytacazes;RJ/ES;Van;Vamos;DUCATO MAXCARGO 13m³ 2.2 MEC DIESEL;Agosto;15/09/2026;
UVL9F75;SRJ4 - Campos dos Goytacazes;RJ/ES;Van;Vamos;DUCATO MAXCARGO 13m³ 2.2 MEC DIESEL;Agosto;15/09/2026;
UVL9F71;SRJ4 - Campos dos Goytacazes;RJ/ES;Van;Vamos;DUCATO MAXCARGO 13m³ 2.2 MEC DIESEL;Agosto;15/09/2026;
TZP6B28;SRJ7 - Macaé;RJ/ES;Utilitário;Vamos;FIORINO ENDURANCE 1.3 FLEX 002 PASSAGEIROS;Agosto;12/07/2026;09/07/2026
TZV1F05;SRJ8 - Itaboraí (Niterói);RJ/ES;Van;Vamos;DUCATO MAXCARGO 13m³ 2.2 MEC DIESEL;Agosto;04/07/2026;01/07/2026
UVN4F28;SRJ8 - Itaboraí (Niterói);RJ/ES;Van;Vamos;MASTER EXTRA FURGAO L3H2 13M³ 2.3 MEC DIESEL;Agosto;10/09/2026;
UVN4F21;SRJ8 - Itaboraí (Niterói);RJ/ES;Van;Vamos;MASTER EXTRA FURGAO L3H2 13M³ 2.3 MEC DIESEL;Agosto;10/09/2026;
XXX4655;SRJ5 - Petrópolis;RJ/ES;Van;Vamos;;Setembro;;
XXX4656;SRJ5 - Petrópolis;RJ/ES;Van;Vamos;;Setembro;;
XXX4657;SRJ5 - Petrópolis;RJ/ES;Van;Vamos;;Setembro;;
XXX4658;SRJ5 - Petrópolis;RJ/ES;Van;Vamos;;Setembro;;
XXX4659;SRJ5 - Petrópolis;RJ/ES;Van;Vamos;;Setembro;;
XXX4660;SRJ5 - Petrópolis;RJ/ES;Van;Vamos;;Setembro;;
XXX4661;SRJ5 - Petrópolis;RJ/ES;Van;Vamos;;Setembro;;
XXX4699;SRJ7 - Macaé;RJ/ES;Van;Vamos;;Setembro;;
XXX4700;SRJ7 - Macaé;RJ/ES;Van;Vamos;;Setembro;;
XXX4701;SRJ7 - Macaé;RJ/ES;Van;Vamos;;Setembro;;
XXX4702;SRJ7 - Macaé;RJ/ES;Van;Vamos;;Setembro;;
XXX4703;SRJ7 - Macaé;RJ/ES;Van;Vamos;;Setembro;;
XXX4704;SRJ7 - Macaé;RJ/ES;Van;Vamos;;Setembro;;
XXX4705;SRJ7 - Macaé;RJ/ES;Van;Vamos;;Setembro;;
XXX4706;SRJ7 - Macaé;RJ/ES;Van;Vamos;;Setembro;;
XXX4707;SRJ7 - Macaé;RJ/ES;Van;Vamos;;Setembro;;
XXX4708;SRJ7 - Macaé;RJ/ES;Van;Vamos;;Setembro;;
XXX4709;SRJ7 - Macaé;RJ/ES;Van;Vamos;;Setembro;;
XXX4714;SRJ8 - Itaboraí (Niterói);RJ/ES;Van;Vamos;;Setembro;;
XXX4715;SRJ8 - Itaboraí (Niterói);RJ/ES;Van;Vamos;;Setembro;;
UAE9E78;SMG3 - Pouso Alegre;MG;Van;Vamos;MASTER EXTRA FURGAO L3H2 13M³ 2.3 MEC DIESEL;Outubro;05/08/2026;01/08/2026
UAF1F90;SMG3 - Pouso Alegre;MG;Van;Vamos;MASTER EXTRA FURGAO L3H2 13M³ 2.3 MEC DIESEL;Outubro;05/09/2026;
UAF1F91;SMG3 - Pouso Alegre;MG;Van;Vamos;MASTER EXTRA FURGAO L3H2 13M³ 2.3 MEC DIESEL;Outubro;05/09/2026;
UAE9E89;SMG3 - Pouso Alegre;MG;Van;Vamos;MASTER EXTRA FURGAO L3H2 13M³ 2.3 MEC DIESEL;Outubro;05/08/2026;01/08/2026
UAG5E23;SMG3 - Pouso Alegre;MG;Van;Vamos;MASTER EXTRA FURGAO L3H2 13M³ 2.3 MEC DIESEL;Outubro;28/08/2026;27/08/2026
UAG5E39;SMG3 - Pouso Alegre;MG;Van;Vamos;MASTER EXTRA FURGAO L3H2 13M³ 2.3 MEC DIESEL;Outubro;05/09/2026;27/08/2026
UAG5E44;SMG3 - Pouso Alegre;MG;Van;Vamos;MASTER EXTRA FURGAO L3H2 13M³ 2.3 MEC DIESEL;Outubro;28/08/2026;22/08/2026
UAG5E54;SMG3 - Pouso Alegre;MG;Van;Vamos;MASTER EXTRA FURGAO L3H2 13M³ 2.3 MEC DIESEL;Outubro;05/09/2026;
UAG5E18;SMG3 - Pouso Alegre;MG;Van;Vamos;MASTER EXTRA FURGAO L3H2 13M³ 2.3 MEC DIESEL;Outubro;28/08/2026;27/08/2026
UVN4F22;SRJ9 - São Pedro da Aldeia (Cabo Frio);RJ/ES;Van;Vamos;MASTER EXTRA FURGAO L3H2 13M³ 2.3 MEC DIESEL;Outubro;15/09/2026;
UVN4F19;SRJ9 - São Pedro da Aldeia (Cabo Frio);RJ/ES;Van;Vamos;MASTER EXTRA FURGAO L3H2 13M³ 2.3 MEC DIESEL;Outubro;15/09/2026;
UVN4F23;SRJ9 - São Pedro da Aldeia (Cabo Frio);RJ/ES;Van;Vamos;MASTER EXTRA FURGAO L3H2 13M³ 2.3 MEC DIESEL;Outubro;15/09/2026;
XXX5280;SRJ9 - São Pedro da Aldeia (Cabo Frio);RJ/ES;Van;Vamos;;Outubro;;
XXX5281;SRJ9 - São Pedro da Aldeia (Cabo Frio);RJ/ES;Van;Vamos;;Outubro;;
XXX5282;SRJ9 - São Pedro da Aldeia (Cabo Frio);RJ/ES;Van;Vamos;;Outubro;;
XXX5283;SRJ9 - São Pedro da Aldeia (Cabo Frio);RJ/ES;Van;Vamos;;Outubro;;
XXX5284;SRJ9 - São Pedro da Aldeia (Cabo Frio);RJ/ES;Van;Vamos;;Outubro;;
XXX5285;SRJ9 - São Pedro da Aldeia (Cabo Frio);RJ/ES;Van;Vamos;;Outubro;;
XXX5315;SRJ8 - Itaboraí (Niterói);RJ/ES;Van;Vamos;;Julho;;
XXX5316;SRJ8 - Itaboraí (Niterói);RJ/ES;Van;Vamos;;Outubro;;
XXX5317;SRJ8 - Itaboraí (Niterói);RJ/ES;Van;Vamos;;Outubro;;
XXX5318;SRJ8 - Itaboraí (Niterói);RJ/ES;Van;Vamos;;Outubro;;
